{
  "plugin_name": "Random",
  "plugin_scope": "random",
  "plugin_exec": "random.js",
  "command_map": {
    "random": {
      "hargs": "",
      "hdesc": {
	  "vi_VN": "Random command",
	  "en_US": "Random command"
	  },
      "fscope": "random",
      "compatibly": 1
    }
  },
  "author": "Kaysil",
  "version": "1.0",
  "node_depends": {
    "fs": "*",
    "path": "*",
    "wait-for-stuff": "*",
	  "stream-buffers": "*",
	  "node-fetch": "*",
	  "request": "*"
  },
  	"dependents": [],
	"file_map": {
	"khabanh_oibanoi.mp3": "khabanh_oibanoi",
	"duckbatman_oibanoi.mp3": "duckbatman_oibanoi",
	"huanrose_colamthimoicoan.mp3": "huanrose_colamthimoicoan",
	"duckbatman_trietlycuocsong.mp3": "duckbatman_trietlycuocsong"
	},
	"chatHook": "chathook",
	"chatHookType": "everything",
	"chatHookPlatform": 1,
  "complied_for": "0.3.0"
}
